{"epoch": 6, "loss": 1.1110032796859741, "_timestamp": 1672979008.7035246, "_runtime": 343.53525948524475, "_step": 31064, "gradients/fc3.bias": {"_type": "histogram", "values": [1.0, 0.0, 0.0, 0.0, 0.0, 0.0, 0.0, 0.0, 0.0, 0.0, 0.0, 2.0, 0.0, 0.0, 0.0, 0.0, 0.0, 1.0, 1.0, 0.0, 0.0, 0.0, 0.0, 0.0, 0.0, 1.0, 2.0, 0.0, 0.0, 0.0, 0.0, 0.0, 0.0, 0.0, 0.0, 0.0, 0.0, 0.0, 0.0, 0.0, 0.0, 0.0, 0.0, 0.0, 0.0, 0.0, 0.0, 0.0, 1.0, 0.0, 0.0, 0.0, 0.0, 0.0, 0.0, 0.0, 0.0, 0.0, 0.0, 0.0, 0.0, 0.0, 0.0, 1.0], "bins": [-0.10019389539957047, -0.09617152810096741, -0.09214916080236435, -0.08812679350376129, -0.08410441875457764, -0.08008205145597458, -0.07605968415737152, -0.07203731685876846, -0.0680149495601654, -0.06399258226156235, -0.05997021123766899, -0.05594784393906593, -0.05192547291517258, -0.04790310561656952, -0.04388073831796646, -0.0398583710193634, -0.03583599627017975, -0.03181362897157669, -0.027791257947683334, -0.023768890649080276, -0.01974652148783207, -0.015724152326583862, -0.011701785027980804, -0.007679415866732597, -0.0036570467054843903, 0.0003653219901025295, 0.004387690685689449, 0.008410058915615082, 0.012432428076863289, 0.016454797238111496, 0.020477164536714554, 0.02449953369796276, 0.028521910309791565, 0.03254427760839462, 0.03656664863228798, 0.04058901593089104, 0.04461138695478439, 0.04863375425338745, 0.05265612155199051, 0.05667848885059357, 0.06070085987448692, 0.06472323089838028, 0.06874559819698334, 0.0727679654955864, 0.07679033279418945, 0.08081270754337311, 0.08483506739139557, 0.08885744214057922, 0.09287980943918228, 0.09690217673778534, 0.1009245440363884, 0.10494691133499146, 0.10896928608417511, 0.11299165338277817, 0.11701402068138123, 0.12103638797998428, 0.12505875527858734, 0.129081130027771, 0.13310348987579346, 0.1371258646249771, 0.14114822447299957, 0.14517059922218323, 0.1491929590702057, 0.15321533381938934, 0.157237708568573]}, "gradients/fc3.weight": {"_type": "histogram", "values": [1.0, 0.0, 0.0, 1.0, 1.0, 0.0, 0.0, 1.0, 3.0, 0.0, 0.0, 1.0, 3.0, 1.0, 4.0, 3.0, 2.0, 2.0, 6.0, 6.0, 5.0, 9.0, 9.0, 14.0, 17.0, 27.0, 25.0, 36.0, 45.0, 417.0, 49.0, 40.0, 24.0, 24.0, 14.0, 5.0, 6.0, 8.0, 1.0, 4.0, 2.0, 3.0, 3.0, 1.0, 2.0, 0.0, 3.0, 0.0, 2.0, 0.0, 2.0, 2.0, 0.0, 0.0, 2.0, 0.0, 0.0, 0.0, 2.0, 0.0, 0.0, 0.0, 0.0, 2.0], "bins": [-0.3721853196620941, -0.3594765365123749, -0.34676775336265564, -0.3340589702129364, -0.3213501572608948, -0.30864137411117554, -0.2959325909614563, -0.28322380781173706, -0.2705150246620178, -0.2578062415122986, -0.24509745836257935, -0.2323886603116989, -0.21967987716197968, -0.20697109401226044, -0.19426229596138, -0.18155351281166077, -0.16884472966194153, -0.1561359465122223, -0.14342716336250305, -0.13071836531162262, -0.11800958216190338, -0.10530079901218414, -0.09259200841188431, -0.07988321781158447, -0.06717443466186523, -0.0544656477868557, -0.04175686091184616, -0.029048074036836624, -0.016339287161827087, -0.003630504012107849, 0.009078286588191986, 0.02178707718849182, 0.03449589014053345, 0.047204677015542984, 0.05991346389055252, 0.07262225449085236, 0.0853310376405716, 0.09803982079029083, 0.11074861139059067, 0.1234574019908905, 0.13616618514060974, 0.14887496829032898, 0.16158375144004822, 0.17429254949092865, 0.1870013326406479, 0.19971011579036713, 0.21241891384124756, 0.2251276969909668, 0.23783648014068604, 0.2505452632904053, 0.2632540464401245, 0.27596282958984375, 0.288671612739563, 0.3013803958892822, 0.31408920884132385, 0.3267979919910431, 0.33950677514076233, 0.35221555829048157, 0.3649243414402008, 0.37763312458992004, 0.39034193754196167, 0.4030507206916809, 0.41575950384140015, 0.4284682869911194, 0.4411770701408386]}, "gradients/fc2.bias": {"_type": "histogram", "values": [1.0, 0.0, 0.0, 0.0, 0.0, 1.0, 0.0, 0.0, 0.0, 1.0, 1.0, 1.0, 3.0, 2.0, 3.0, 0.0, 1.0, 2.0, 3.0, 2.0, 3.0, 0.0, 1.0, 1.0, 6.0, 1.0, 13.0, 1.0, 2.0, 3.0, 0.0, 1.0, 0.0, 2.0, 3.0, 1.0, 4.0, 5.0, 3.0, 1.0, 0.0, 2.0, 1.0, 0.0, 1.0, 0.0, 3.0, 0.0, 0.0, 1.0, 0.0, 0.0, 1.0, 1.0, 0.0, 0.0, 0.0, 0.0, 0.0, 0.0, 0.0, 0.0, 1.0, 1.0], "bins": [-0.0511622354388237, -0.049213554710149765, -0.04726487398147583, -0.045316193252801895, -0.04336751252412796, -0.041418831795454025, -0.03947015106678009, -0.037521470338106155, -0.03557278960943222, -0.033624108880758286, -0.03167542815208435, -0.029726747423410416, -0.02777806669473648, -0.025829385966062546, -0.02388070523738861, -0.021932024508714676, -0.019983341917395592, -0.018034661188721657, -0.016085980460047722, -0.014137299731373787, -0.012188619002699852, -0.010239937342703342, -0.008291256614029408, -0.0063425758853554726, -0.004393895156681538, -0.0024452144280076027, -0.0004965334665030241, 0.0014521474950015545, 0.0034008282236754894, 0.005349509418010712, 0.007298190146684647, 0.009246870875358582, 0.011195551604032516, 0.013144232332706451, 0.015092913061380386, 0.01704159379005432, 0.018990274518728256, 0.02093895524740219, 0.022887635976076126, 0.02483631670475006, 0.026784997433423996, 0.02873367816209793, 0.030682358890771866, 0.0326310396194458, 0.034579720348119736, 0.03652840107679367, 0.038477081805467606, 0.04042576253414154, 0.042374446988105774, 0.04432312771677971, 0.046271808445453644, 0.04822048917412758, 0.050169169902801514, 0.05211785063147545, 0.054066531360149384, 0.05601521208882332, 0.05796389281749725, 0.05991257354617119, 0.06186125427484512, 0.06380993872880936, 0.065758615732193, 0.06770730018615723, 0.06965597718954086, 0.0716046616435051, 0.07355333864688873]}, "gradients/fc2.weight": {"_type": "histogram", "values": [1.0, 2.0, 1.0, 2.0, 3.0, 6.0, 2.0, 3.0, 12.0, 8.0, 8.0, 7.0, 13.0, 21.0, 36.0, 44.0, 46.0, 82.0, 106.0, 132.0, 188.0, 285.0, 426.0, 681.0, 4689.0, 1091.0, 606.0, 361.0, 260.0, 211.0, 166.0, 139.0, 85.0, 74.0, 65.0, 53.0, 37.0, 27.0, 19.0, 13.0, 14.0, 7.0, 6.0, 6.0, 7.0, 7.0, 4.0, 3.0, 2.0, 2.0, 4.0, 0.0, 2.0, 1.0, 0.0, 0.0, 0.0, 1.0, 1.0, 0.0, 1.0, 0.0, 0.0, 1.0], "bins": [-0.19065438210964203, -0.18295617401599884, -0.17525796592235565, -0.16755975782871246, -0.15986154973506927, -0.1521633416414261, -0.1444651484489441, -0.1367669403553009, -0.12906873226165771, -0.12137052416801453, -0.11367231607437134, -0.10597410798072815, -0.09827589988708496, -0.09057769179344177, -0.08287949115037918, -0.07518128305673599, -0.06748306751251221, -0.05978485941886902, -0.05208665132522583, -0.04438844695687294, -0.03669023886322975, -0.028992030769586563, -0.021293826401233673, -0.013595618307590485, -0.005897410213947296, 0.0018007969483733177, 0.009499004110693932, 0.01719721034169197, 0.02489541843533516, 0.03259362652897835, 0.04029183089733124, 0.047990038990974426, 0.05568823218345642, 0.06338644027709961, 0.0710846483707428, 0.07878285646438599, 0.08648106455802917, 0.09417927265167236, 0.10187747329473495, 0.10957568138837814, 0.11727388948202133, 0.12497209757566452, 0.1326702982187271, 0.1403685063123703, 0.1480667144060135, 0.15576492249965668, 0.16346313059329987, 0.17116133868694305, 0.17885954678058624, 0.18655775487422943, 0.19425596296787262, 0.2019541710615158, 0.209652379155159, 0.21735058724880219, 0.22504878044128418, 0.23274698853492737, 0.24044519662857056, 0.24814340472221375, 0.25584161281585693, 0.2635398209095001, 0.2712380290031433, 0.2789362370967865, 0.2866344451904297, 0.2943326532840729, 0.30203086137771606]}, "gradients/fc1.bias": {"_type": "histogram", "values": [1.0, 0.0, 0.0, 0.0, 0.0, 0.0, 0.0, 0.0, 3.0, 1.0, 3.0, 1.0, 0.0, 1.0, 1.0, 1.0, 3.0, 3.0, 1.0, 2.0, 1.0, 3.0, 3.0, 6.0, 4.0, 5.0, 6.0, 4.0, 16.0, 4.0, 4.0, 1.0, 3.0, 4.0, 3.0, 4.0, 1.0, 0.0, 2.0, 1.0, 6.0, 1.0, 2.0, 1.0, 0.0, 0.0, 2.0, 1.0, 1.0, 4.0, 0.0, 1.0, 1.0, 1.0, 0.0, 1.0, 0.0, 0.0, 0.0, 0.0, 1.0, 0.0, 0.0, 1.0],