{"epoch": 2, "loss": 1.5622092485427856, "_timestamp": 1672927657.984316, "_runtime": 191.96623706817627, "_step": 15010, "gradients/fc3.bias": {"_type": "histogram", "values": [1.0, 0.0, 0.0, 0.0, 0.0, 0.0, 0.0, 0.0, 0.0, 0.0, 0.0, 0.0, 0.0, 0.0, 0.0, 0.0, 0.0, 0.0, 0.0, 0.0, 0.0, 1.0, 0.0, 0.0, 0.0, 0.0, 1.0, 0.0, 0.0, 0.0, 0.0, 0.0, 0.0, 0.0, 0.0, 0.0, 2.0, 0.0, 0.0, 0.0, 0.0, 0.0, 0.0, 0.0, 0.0, 0.0, 1.0, 1.0, 0.0, 0.0, 0.0, 0.0, 0.0, 0.0, 0.0, 0.0, 0.0, 0.0, 1.0, 1.0, 0.0, 0.0, 0.0, 1.0], "bins": [-0.14593441784381866, -0.1422620415687561, -0.13858966529369354, -0.13491728901863098, -0.13124491274356842, -0.12757253646850586, -0.1239001676440239, -0.12022779136896133, -0.11655542254447937, -0.11288304626941681, -0.10921066999435425, -0.10553829371929169, -0.10186592489480972, -0.09819354861974716, -0.0945211723446846, -0.09084879606962204, -0.08717641979455948, -0.08350404351949692, -0.07983166724443436, -0.07615929841995239, -0.07248692214488983, -0.06881454586982727, -0.06514216959476471, -0.06146979331970215, -0.057797420769929886, -0.054125044494867325, -0.05045267194509506, -0.0467802956700325, -0.04310791939496994, -0.03943554684519768, -0.03576317057013512, -0.032090798020362854, -0.02841842919588089, -0.024746054783463478, -0.021073680371046066, -0.017401304095983505, -0.013728929683566093, -0.010056555271148682, -0.006384178996086121, -0.002711804583668709, 0.000960569828748703, 0.004632944706827402, 0.008305319584906101, 0.011977694928646088, 0.0156500693410635, 0.01932244375348091, 0.022994820028543472, 0.026667194440960884, 0.030339568853378296, 0.03401194512844086, 0.03768431767821312, 0.04135669395327568, 0.04502906650304794, 0.048701442778110504, 0.052373819053173065, 0.056046195328235626, 0.05971856787800789, 0.06339094042778015, 0.06706331670284271, 0.07073569297790527, 0.07440806925296783, 0.0780804455280304, 0.08175282180309296, 0.08542519062757492, 0.08909756690263748]}, "gradients/fc3.weight": {"_type": "histogram", "values": [1.0, 0.0, 0.0, 0.0, 0.0, 1.0, 0.0, 0.0, 0.0, 0.0, 0.0, 0.0, 1.0, 0.0, 0.0, 1.0, 0.0, 1.0, 0.0, 1.0, 2.0, 4.0, 3.0, 4.0, 3.0, 4.0, 4.0, 9.0, 6.0, 6.0, 7.0, 12.0, 16.0, 20.0, 18.0, 37.0, 43.0, 388.0, 92.0, 40.0, 30.0, 21.0, 17.0, 12.0, 8.0, 10.0, 5.0, 4.0, 1.0, 0.0, 2.0, 2.0, 1.0, 0.0, 0.0, 0.0, 0.0, 0.0, 1.0, 1.0, 0.0, 0.0, 0.0, 1.0], "bins": [-0.6330992579460144, -0.6160439252853394, -0.5989885926246643, -0.5819332599639893, -0.5648779273033142, -0.5478225946426392, -0.5307672023773193, -0.5137118697166443, -0.49665653705596924, -0.4796012043952942, -0.46254587173461914, -0.4454905390739441, -0.42843517661094666, -0.4113798439502716, -0.39432451128959656, -0.3772691786289215, -0.36021384596824646, -0.3431585133075714, -0.32610318064689636, -0.3090478181838989, -0.2919924855232239, -0.27493715286254883, -0.2578818202018738, -0.24082648754119873, -0.2237711399793625, -0.20671580731868744, -0.1896604597568512, -0.17260512709617615, -0.1555497944355011, -0.13849444687366486, -0.12143911421298981, -0.10438377410173416, -0.08732843399047852, -0.07027309387922287, -0.05321775749325752, -0.036162421107292175, -0.01910708099603653, -0.002051740884780884, 0.015003591775894165, 0.03205893188714981, 0.04911427199840546, 0.0661696121096611, 0.08322495222091675, 0.1002802848815918, 0.11733562499284744, 0.1343909651041031, 0.15144629776477814, 0.16850164532661438, 0.18555697798728943, 0.20261231064796448, 0.21966765820980072, 0.23672299087047577, 0.253778338432312, 0.27083367109298706, 0.2878890037536621, 0.30494433641433716, 0.3219996690750122, 0.33905500173568726, 0.3561103343963623, 0.37316566705703735, 0.3902210295200348, 0.40727636218070984, 0.4243316948413849, 0.44138702750205994, 0.4584423899650574]}, "gradients/fc2.bias": {"_type": "histogram", "values": [1.0, 0.0, 0.0, 1.0, 0.0, 0.0, 0.0, 0.0, 0.0, 0.0, 0.0, 0.0, 0.0, 1.0, 1.0, 0.0, 1.0, 0.0, 2.0, 2.0, 3.0, 4.0, 2.0, 3.0, 4.0, 4.0, 3.0, 2.0, 2.0, 10.0, 6.0, 4.0, 4.0, 2.0, 1.0, 3.0, 2.0, 1.0, 2.0, 1.0, 3.0, 4.0, 2.0, 0.0, 0.0, 1.0, 0.0, 0.0, 0.0, 0.0, 0.0, 0.0, 0.0, 0.0, 0.0, 0.0, 0.0, 0.0, 0.0, 0.0, 0.0, 0.0, 0.0, 2.0], "bins": [-0.0782022699713707, -0.0755605474114418, -0.07291881740093231, -0.07027709484100342, -0.06763536483049393, -0.06499364227056503, -0.06235191598534584, -0.05971018970012665, -0.057068463414907455, -0.05442673712968826, -0.05178501084446907, -0.04914328455924988, -0.046501561999320984, -0.04385983198881149, -0.0412181094288826, -0.038576383143663406, -0.035934656858444214, -0.03329293057322502, -0.03065120428800583, -0.028009479865431786, -0.025367753580212593, -0.0227260272949934, -0.020084302872419357, -0.017442576587200165, -0.014800850301980972, -0.01215912401676178, -0.009517398662865162, -0.006875673308968544, -0.0042339470237493515, -0.001592220738530159, 0.0010495036840438843, 0.0036912299692630768, 0.006332963705062866, 0.008974689990282059, 0.011616415344178677, 0.014258140698075294, 0.016899866983294487, 0.01954159326851368, 0.022183317691087723, 0.024825043976306915, 0.027466770261526108, 0.0301084965467453, 0.03275022283196449, 0.035391949117183685, 0.03803367167711258, 0.04067540168762207, 0.043317124247550964, 0.04595885053277016, 0.04860057681798935, 0.05124230310320854, 0.053884029388427734, 0.05652575194835663, 0.05916748195886612, 0.06180920451879501, 0.0644509345293045, 0.0670926570892334, 0.06973437964916229, 0.07237610220909119, 0.07501783221960068, 0.07765955477952957, 0.08030128479003906, 0.08294300734996796, 0.08558472990989685, 0.08822645992040634, 0.09086818993091583]}, "gradients/fc2.weight": {"_type": "histogram", "values": [1.0, 1.0, 0.0, 0.0, 0.0, 0.0, 1.0, 0.0, 1.0, 3.0, 2.0, 2.0, 4.0, 11.0, 9.0, 15.0, 14.0, 23.0, 23.0, 31.0, 54.0, 58.0, 57.0, 96.0, 153.0, 193.0, 303.0, 452.0, 842.0, 4837.0, 1067.0, 591.0, 311.0, 249.0, 148.0, 124.0, 113.0, 69.0, 56.0, 39.0, 29.0, 21.0, 18.0, 8.0, 8.0, 7.0, 7.0, 10.0, 5.0, 4.0, 0.0, 1.0, 1.0, 2.0, 1.0, 1.0, 0.0, 0.0, 0.0, 0.0, 0.0, 1.0, 1.0, 2.0], "bins": [-0.24938741326332092, -0.24096953868865967, -0.2325516641139984, -0.22413378953933716, -0.2157159149646759, -0.20729804039001465, -0.1988801658153534, -0.19046229124069214, -0.18204441666603088, -0.17362654209136963, -0.16520866751670837, -0.15679079294204712, -0.14837291836738586, -0.1399550437927246, -0.13153716921806335, -0.1231193020939827, -0.11470143496990204, -0.10628356039524078, -0.09786568582057953, -0.08944781124591827, -0.08102993667125702, -0.07261206209659576, -0.0641941949725151, -0.05577632039785385, -0.047358445823192596, -0.03894057124853134, -0.030522698536515236, -0.02210482582449913, -0.013686951249837875, -0.0052690766751766205, 0.003148794174194336, 0.01156666874885559, 0.019984543323516846, 0.0284024178981781, 0.036820292472839355, 0.04523816332221031, 0.05365603789687157, 0.06207391247153282, 0.07049178332090378, 0.07890965789556503, 0.08732753247022629, 0.09574540704488754, 0.1041632816195488, 0.11258114874362946, 0.12099902331829071, 0.12941689789295197, 0.13783477246761322, 0.14625264704227448, 0.15467052161693573, 0.16308839619159698, 0.17150627076625824, 0.1799241453409195, 0.18834201991558075, 0.196759894490242, 0.20517775416374207, 0.21359562873840332, 0.22201350331306458, 0.23043137788772583, 0.23884925246238708, 0.24726712703704834, 0.2556850016117096, 0.26410287618637085, 0.2725207507610321, 0.28093862533569336, 0.2893564999103546]}, "gradients/fc1.bias": {"_type": "histogram", "values": [1.0, 0.0, 0.0, 0.0, 2.0, 0.0, 0.0, 2.0, 1.0, 0.0, 0.0, 0.0, 0.0, 0.0, 2.0, 0.0, 2.0, 2.0, 3.0, 1.0, 2.0, 4.0, 1.0, 1.0, 2.0, 2.0, 1.0, 3.0, 11.0, 5.0, 3.0, 21.0, 1.0, 5.0, 1.0, 0.0, 5.0, 4.0, 5.0, 6.0, 1.0, 1.0, 0.0, 1.0, 2.0, 2.0, 7.0, 1.0, 3.0, 0.0, 1.0, 0.0, 0.0, 0.0, 0.0, 0.0, 0.0, 0.0, 1.0, 0.0, 0.0, 0.0, 0.0, 1.0],