{"epoch": 9, "loss": 0.37918469309806824, "_timestamp": 1672979493.6355824, "_runtime": 351.0013744831085, "_step": 50031, "gradients/fc3.bias": {"_type": "histogram", "values": [1.0, 0.0, 0.0, 0.0, 0.0, 0.0, 0.0, 0.0, 1.0, 0.0, 0.0, 0.0, 0.0, 1.0, 0.0, 0.0, 0.0, 0.0, 0.0, 0.0, 0.0, 0.0, 1.0, 0.0, 0.0, 0.0, 0.0, 0.0, 0.0, 0.0, 0.0, 0.0, 0.0, 0.0, 0.0, 0.0, 0.0, 1.0, 0.0, 0.0, 0.0, 1.0, 0.0, 0.0, 0.0, 0.0, 0.0, 0.0, 0.0, 0.0, 1.0, 0.0, 0.0, 0.0, 0.0, 0.0, 0.0, 0.0, 0.0, 1.0, 1.0, 0.0, 0.0, 1.0], "bins": [-0.06881868839263916, -0.06688810139894485, -0.06495750695466995, -0.06302691996097565, -0.06109632924199104, -0.05916573852300644, -0.057235147804021835, -0.05530455708503723, -0.053373970091342926, -0.05144337937235832, -0.04951278865337372, -0.04758220165967941, -0.04565161094069481, -0.043721020221710205, -0.0417904295027256, -0.039859838783741, -0.03792924806475639, -0.03599865734577179, -0.034068066626787186, -0.03213747590780258, -0.030206888914108276, -0.028276298195123672, -0.02634570747613907, -0.024415116757154465, -0.02248452790081501, -0.020553937181830406, -0.01862334832549095, -0.016692757606506348, -0.014762167818844318, -0.012831578031182289, -0.010900987312197685, -0.008970397524535656, -0.007039807736873627, -0.0051092179492115974, -0.003178627695888281, -0.0012480374425649643, 0.000682552345097065, 0.0026131421327590942, 0.004543732851743698, 0.006474322639405727, 0.008404912427067757, 0.010335502214729786, 0.012266092002391815, 0.014196682721376419, 0.016127273440361023, 0.018057862296700478, 0.01998845301568508, 0.021919041872024536, 0.02384963259100914, 0.025780223309993744, 0.0277108121663332, 0.029641402885317802, 0.03157199174165726, 0.03350258246064186, 0.035433173179626465, 0.03736376389861107, 0.03929435461759567, 0.041224945336580276, 0.04315553605556488, 0.045086123049259186, 0.04701671376824379, 0.048947304487228394, 0.050877895206213, 0.0528084859251976, 0.05473907291889191]}, "gradients/fc3.weight": {"_type": "histogram", "values": [3.0, 0.0, 1.0, 0.0, 1.0, 2.0, 1.0, 3.0, 1.0, 1.0, 1.0, 2.0, 1.0, 2.0, 0.0, 1.0, 2.0, 7.0, 6.0, 4.0, 0.0, 5.0, 2.0, 7.0, 6.0, 9.0, 11.0, 3.0, 10.0, 12.0, 9.0, 13.0, 23.0, 16.0, 120.0, 259.0, 86.0, 54.0, 34.0, 26.0, 16.0, 16.0, 14.0, 11.0, 7.0, 4.0, 2.0, 7.0, 4.0, 0.0, 2.0, 3.0, 0.0, 1.0, 0.0, 1.0, 1.0, 1.0, 0.0, 3.0, 2.0, 0.0, 0.0, 1.0], "bins": [-0.18390314280986786, -0.1786380261182785, -0.17337290942668915, -0.1681077927350998, -0.16284267604351044, -0.15757755935192108, -0.15231242775917053, -0.14704731106758118, -0.14178219437599182, -0.13651707768440247, -0.1312519609928131, -0.12598684430122375, -0.1207217276096344, -0.11545661091804504, -0.11019148677587509, -0.10492637008428574, -0.09966126084327698, -0.09439614415168762, -0.08913102746009827, -0.08386591076850891, -0.07860079407691956, -0.0733356773853302, -0.06807055324316025, -0.06280543655157089, -0.05754031985998154, -0.05227520316839218, -0.047010086476802826, -0.04174496605992317, -0.036479849368333817, -0.03121473267674446, -0.025949612259864807, -0.02068449556827545, -0.015419363975524902, -0.010154246352612972, -0.004889128729701042, 0.0003759898245334625, 0.005641106516122818, 0.010906223207712173, 0.016171343624591827, 0.021436460316181183, 0.02670157700777054, 0.031966693699359894, 0.03723181039094925, 0.0424969308078289, 0.04776204749941826, 0.053027164191007614, 0.05829228460788727, 0.06355740129947662, 0.06882251799106598, 0.07408763468265533, 0.07935275137424469, 0.08461786806583405, 0.0898829847574234, 0.09514810144901276, 0.10041322559118271, 0.10567834228277206, 0.11094345897436142, 0.11620857566595078, 0.12147369235754013, 0.12673881649971008, 0.13200393319129944, 0.1372690498828888, 0.14253416657447815, 0.1477992832660675, 0.15306439995765686]}, "gradients/fc2.bias": {"_type": "histogram", "values": [1.0, 0.0, 0.0, 0.0, 0.0, 0.0, 0.0, 0.0, 0.0, 1.0, 0.0, 1.0, 2.0, 2.0, 1.0, 1.0, 1.0, 0.0, 3.0, 1.0, 1.0, 2.0, 1.0, 4.0, 4.0, 3.0, 3.0, 3.0, 2.0, 3.0, 2.0, 2.0, 2.0, 4.0, 0.0, 5.0, 1.0, 1.0, 2.0, 3.0, 1.0, 1.0, 2.0, 2.0, 0.0, 3.0, 1.0, 0.0, 1.0, 3.0, 0.0, 2.0, 0.0, 0.0, 1.0, 0.0, 1.0, 1.0, 1.0, 0.0, 0.0, 0.0, 1.0, 1.0], "bins": [-0.036922637373209, -0.035836365073919296, -0.03475009649991989, -0.03366382420063019, -0.032577551901340485, -0.03149127960205078, -0.030405009165406227, -0.029318738728761673, -0.02823246642947197, -0.027146194130182266, -0.026059923693537712, -0.024973653256893158, -0.023887380957603455, -0.02280110865831375, -0.021714838221669197, -0.020628567785024643, -0.01954229548573494, -0.018456023186445236, -0.017369752749800682, -0.016283482313156128, -0.015197210013866425, -0.014110938645899296, -0.013024667277932167, -0.011938395909965038, -0.01085212454199791, -0.00976585317403078, -0.008679581806063652, -0.007593310438096523, -0.0065070390701293945, -0.005420767702162266, -0.004334496334195137, -0.0032482249662280083, -0.002161949872970581, -0.0010756785050034523, 1.0592862963676453e-05, 0.0010968642309308052, 0.002183135598897934, 0.0032694069668650627, 0.0043556783348321915, 0.00544194970279932, 0.006528221070766449, 0.007614492438733578, 0.008700763806700706, 0.009787035174667835, 0.010873306542634964, 0.011959577910602093, 0.013045849278569221, 0.01413212064653635, 0.015218392014503479, 0.016304664313793182, 0.017390934750437737, 0.01847720518708229, 0.019563477486371994, 0.020649749785661697, 0.02173602022230625, 0.022822290658950806, 0.02390856295824051, 0.024994835257530212, 0.026081105694174767, 0.02716737613081932, 0.028253648430109024, 0.029339920729398727, 0.03042619116604328, 0.031512461602687836, 0.03259873390197754]}, "gradients/fc2.weight": {"_type": "histogram", "values": [1.0, 0.0, 0.0, 0.0, 0.0, 1.0, 0.0, 2.0, 2.0, 1.0, 0.0, 2.0, 5.0, 2.0, 5.0, 4.0, 6.0, 10.0, 12.0, 10.0, 27.0, 19.0, 21.0, 44.0, 46.0, 100.0, 119.0, 202.0, 358.0, 741.0, 6244.0, 1104.0, 404.0, 197.0, 106.0, 78.0, 52.0, 32.0, 25.0, 6.0, 19.0, 11.0, 8.0, 10.0, 9.0, 5.0, 6.0, 4.0, 3.0, 5.0, 1.0, 1.0, 2.0, 3.0, 1.0, 1.0, 0.0, 0.0, 0.0, 1.0, 0.0, 1.0, 0.0, 1.0], "bins": [-0.27568477392196655, -0.2667183578014374, -0.2577519714832306, -0.24878555536270142, -0.23981915414333344, -0.23085275292396545, -0.22188633680343628, -0.2129199355840683, -0.20395353436470032, -0.19498713314533234, -0.18602073192596436, -0.17705431580543518, -0.1680879145860672, -0.15912151336669922, -0.15015509724617004, -0.14118869602680206, -0.13222229480743408, -0.1232558935880661, -0.11428948491811752, -0.10532307624816895, -0.09635667502880096, -0.08739027380943298, -0.0784238651394844, -0.06945745646953583, -0.06049105525016785, -0.05152465030550957, -0.04255824536085129, -0.03359184041619301, -0.02462543547153473, -0.01565903052687645, -0.00669262558221817, 0.0022737830877304077, 0.011240184307098389, 0.020206589251756668, 0.029172994196414948, 0.03813939914107323, 0.047105804085731506, 0.056072209030389786, 0.06503861397504807, 0.07400502264499664, 0.08297142386436462, 0.0919378250837326, 0.10090423375368118, 0.10987064242362976, 0.11883704364299774, 0.12780344486236572, 0.1367698609828949, 0.14573626220226288, 0.15470266342163086, 0.16366906464099884, 0.17263546586036682, 0.181601881980896, 0.19056828320026398, 0.19953468441963196, 0.20850110054016113, 0.2174675017595291, 0.2264339029788971, 0.23540030419826508, 0.24436670541763306, 0.25333312153816223, 0.2622995376586914, 0.2712659239768982, 0.28023234009742737, 0.28919875621795654, 0.29816514253616333]}, "gradients/fc1.bias": {"_type": "histogram", "values": [1.0, 0.0, 0.0, 0.0, 0.0, 0.0, 0.0, 0.0, 0.0, 0.0, 0.0, 0.0, 0.0, 1.0, 1.0, 0.0, 0.0, 0.0, 0.0, 0.0, 0.0, 1.0, 0.0, 0.0, 1.0, 1.0, 0.0, 0.0, 2.0, 2.0, 0.0, 0.0, 2.0, 1.0, 0.0, 4.0, 1.0, 3.0, 4.0, 2.0, 3.0, 11.0, 8.0, 10.0, 17.0, 5.0, 6.0, 2.0, 3.0, 8.0, 1.0, 2.0, 3.0, 2.0, 1.0, 4.0, 1.0, 0.0, 0.0, 1.0, 2.0, 1.0, 1.0, 1.0],