{"epoch": 9, "loss": 0.8927729725837708, "_timestamp": 1672928612.278846, "_runtime": 863.9267709255219, "_step": 50032, "gradients/fc3.bias": {"_type": "histogram", "values": [1.0, 0.0, 0.0, 0.0, 0.0, 0.0, 0.0, 0.0, 0.0, 0.0, 0.0, 0.0, 0.0, 0.0, 1.0, 0.0, 1.0, 0.0, 0.0, 0.0, 0.0, 0.0, 0.0, 0.0, 0.0, 0.0, 0.0, 0.0, 0.0, 0.0, 0.0, 0.0, 0.0, 0.0, 0.0, 1.0, 0.0, 0.0, 0.0, 0.0, 0.0, 0.0, 1.0, 0.0, 0.0, 1.0, 1.0, 0.0, 0.0, 1.0, 0.0, 0.0, 0.0, 0.0, 1.0, 0.0, 0.0, 0.0, 0.0, 0.0, 0.0, 0.0, 0.0, 1.0], "bins": [-0.15449532866477966, -0.15031233429908752, -0.14612933993339539, -0.14194634556770325, -0.1377633512020111, -0.13358034193515778, -0.12939734756946564, -0.1252143532037735, -0.12103135883808136, -0.11684836447238922, -0.11266537010669708, -0.10848236829042435, -0.10429937392473221, -0.10011637955904007, -0.09593337774276733, -0.0917503833770752, -0.08756738901138306, -0.08338439464569092, -0.07920140027999878, -0.07501839846372604, -0.0708354040980339, -0.06665240973234177, -0.06246941164135933, -0.05828641355037689, -0.05410341918468475, -0.049920424818992615, -0.04573742672801018, -0.04155442863702774, -0.0373714342713356, -0.03318843990564346, -0.029005441814661026, -0.024822445586323738, -0.020639464259147644, -0.016456468030810356, -0.012273471802473068, -0.00809047557413578, -0.003907479345798492, 0.00027551688253879547, 0.004458513110876083, 0.008641509339213371, 0.01282450556755066, 0.017007501795887947, 0.021190498024225235, 0.025373494252562523, 0.02955649048089981, 0.03373948484659195, 0.03792248293757439, 0.042105481028556824, 0.04628847539424896, 0.0504714697599411, 0.05465446785092354, 0.058837465941905975, 0.06302046030759811, 0.06720345467329025, 0.07138645648956299, 0.07556945085525513, 0.07975244522094727, 0.0839354395866394, 0.08811843395233154, 0.09230143576860428, 0.09648443013429642, 0.10066742449998856, 0.10485042631626129, 0.10903342068195343, 0.11321641504764557]}, "gradients/fc3.weight": {"_type": "histogram", "values": [1.0, 0.0, 0.0, 2.0, 0.0, 1.0, 0.0, 1.0, 2.0, 0.0, 2.0, 3.0, 1.0, 4.0, 1.0, 3.0, 3.0, 3.0, 1.0, 5.0, 1.0, 4.0, 5.0, 3.0, 5.0, 7.0, 7.0, 7.0, 9.0, 9.0, 12.0, 17.0, 22.0, 27.0, 350.0, 136.0, 51.0, 34.0, 23.0, 17.0, 8.0, 11.0, 4.0, 4.0, 3.0, 4.0, 3.0, 4.0, 1.0, 2.0, 1.0, 3.0, 2.0, 0.0, 5.0, 1.0, 1.0, 1.0, 0.0, 0.0, 0.0, 0.0, 1.0, 2.0], "bins": [-0.3620683550834656, -0.3515516519546509, -0.3410349488258362, -0.3305182456970215, -0.3200015425682068, -0.3094848394393921, -0.2989681363105774, -0.2884514331817627, -0.277934730052948, -0.2674180269241333, -0.2569013237953186, -0.2463846206665039, -0.2358679175376892, -0.2253512144088745, -0.21483451128005981, -0.20431780815124512, -0.19380110502243042, -0.18328440189361572, -0.17276769876480103, -0.16225099563598633, -0.15173429250717163, -0.14121758937835693, -0.13070088624954224, -0.12018418312072754, -0.10966747999191284, -0.09915077686309814, -0.08863407373428345, -0.07811737060546875, -0.06760066747665405, -0.057083964347839355, -0.04656726121902466, -0.03605055809020996, -0.025533825159072876, -0.015017122030258179, -0.0045004189014434814, 0.006016284227371216, 0.016532987356185913, 0.02704969048500061, 0.03756639361381531, 0.048083096742630005, 0.0585997998714447, 0.0691165030002594, 0.0796332061290741, 0.0901499092578888, 0.10066661238670349, 0.11118331551551819, 0.12170001864433289, 0.13221672177314758, 0.14273342490196228, 0.15325012803077698, 0.16376683115959167, 0.17428353428840637, 0.18480023741722107, 0.19531694054603577, 0.20583364367485046, 0.21635034680366516, 0.22686704993247986, 0.23738375306129456, 0.24790045619010925, 0.25841715931892395, 0.26893386244773865, 0.27945056557655334, 0.28996726870536804, 0.30048397183418274, 0.31100067496299744]}, "gradients/fc2.bias": {"_type": "histogram", "values": [1.0, 0.0, 0.0, 0.0, 0.0, 0.0, 0.0, 0.0, 0.0, 2.0, 0.0, 0.0, 1.0, 1.0, 1.0, 1.0, 1.0, 3.0, 0.0, 0.0, 2.0, 1.0, 2.0, 2.0, 0.0, 0.0, 6.0, 1.0, 3.0, 2.0, 1.0, 1.0, 3.0, 3.0, 15.0, 5.0, 7.0, 2.0, 0.0, 2.0, 0.0, 1.0, 2.0, 0.0, 0.0, 0.0, 1.0, 1.0, 1.0, 1.0, 1.0, 0.0, 1.0, 1.0, 1.0, 0.0, 0.0, 1.0, 1.0, 0.0, 0.0, 0.0, 0.0, 2.0], "bins": [-0.05581265687942505, -0.054179854691028595, -0.05254705250263214, -0.050914254039525986, -0.04928145185112953, -0.04764864966273308, -0.04601585119962692, -0.04438304901123047, -0.042750246822834015, -0.04111744463443756, -0.03948464244604111, -0.03785184398293495, -0.0362190417945385, -0.034586239606142044, -0.03295344114303589, -0.031320638954639435, -0.02968783676624298, -0.028055034577846527, -0.026422234252095222, -0.024789433926343918, -0.023156631737947464, -0.02152382954955101, -0.019891029223799706, -0.0182582288980484, -0.016625426709651947, -0.014992625452578068, -0.013359824195504189, -0.01172702293843031, -0.01009422168135643, -0.00846142042428255, -0.006828619167208672, -0.005195817910134792, -0.0035630203783512115, -0.0019302191212773323, -0.00029741786420345306, 0.0013353833928704262, 0.0029681846499443054, 0.004600985907018185, 0.006233787164092064, 0.007866588421165943, 0.009499389678239822, 0.011132190935313702, 0.012764992192387581, 0.01439779344946146, 0.01603059470653534, 0.017663396894931793, 0.019296197220683098, 0.020928997546434402, 0.022561799734830856, 0.02419460192322731, 0.025827402248978615, 0.02746020257472992, 0.029093004763126373, 0.030725806951522827, 0.03235860913991928, 0.033991407603025436, 0.03562420979142189, 0.037257011979818344, 0.0388898104429245, 0.04052261263132095, 0.04215541481971741, 0.04378821700811386, 0.045421019196510315, 0.04705381765961647, 0.048686619848012924]}, "gradients/fc2.weight": {"_type": "histogram", "values": [1.0, 2.0, 1.0, 1.0, 0.0, 0.0, 0.0, 1.0, 4.0, 4.0, 3.0, 1.0, 3.0, 4.0, 5.0, 9.0, 7.0, 9.0, 15.0, 11.0, 19.0, 38.0, 41.0, 55.0, 77.0, 88.0, 108.0, 160.0, 190.0, 352.0, 573.0, 1614.0, 5212.0, 431.0, 262.0, 170.0, 118.0, 109.0, 77.0, 62.0, 51.0, 52.0, 20.0, 28.0, 25.0, 9.0, 11.0, 4.0, 11.0, 9.0, 4.0, 2.0, 4.0, 4.0, 3.0, 1.0, 0.0, 0.0, 1.0, 0.0, 2.0, 0.0, 1.0, 1.0], "bins": [-0.27185457944869995, -0.26336798071861267, -0.2548813819885254, -0.24639476835727692, -0.23790815472602844, -0.22942155599594116, -0.22093495726585388, -0.2124483585357666, -0.20396174490451813, -0.19547514617443085, -0.18698853254318237, -0.1785019338130951, -0.1700153350830078, -0.16152872145175934, -0.15304212272167206, -0.14455550909042358, -0.1360689103603363, -0.12758231163024902, -0.11909569799900055, -0.11060909926891327, -0.10212249308824539, -0.09363588690757751, -0.08514928817749023, -0.07666268199682236, -0.06817607581615448, -0.0596894696354866, -0.051202867180109024, -0.042716264724731445, -0.03422965854406357, -0.02574305236339569, -0.017256449908018112, -0.008769847452640533, -0.00028321146965026855, 0.00820339284837246, 0.016689997166395187, 0.025176601484417915, 0.03366320580244064, 0.04214981198310852, 0.0506364144384861, 0.05912301689386368, 0.06760962307453156, 0.07609622925519943, 0.08458283543586731, 0.09306943416595459, 0.10155604034662247, 0.11004264652729034, 0.11852924525737762, 0.1270158588886261, 0.13550245761871338, 0.14398905634880066, 0.15247566998004913, 0.1609622687101364, 0.1694488823413849, 0.17793548107147217, 0.18642207980155945, 0.19490867853164673, 0.2033952921628952, 0.21188189089298248, 0.22036850452423096, 0.22885510325431824, 0.23734170198440552, 0.245828315615654, 0.25431492924690247, 0.26280152797698975, 0.271288126707077]}, "gradients/fc1.bias": {"_type": "histogram", "values": [1.0, 1.0, 0.0, 0.0, 0.0, 0.0, 0.0, 2.0, 0.0, 0.0, 0.0, 0.0, 0.0, 0.0, 2.0, 1.0, 1.0, 1.0, 2.0, 3.0, 3.0, 2.0, 1.0, 1.0, 2.0, 2.0, 6.0, 4.0, 3.0, 2.0, 6.0, 4.0, 16.0, 6.0, 5.0, 2.0, 5.0, 4.0, 4.0, 1.0, 4.0, 1.0, 3.0, 2.0, 0.0, 1.0, 3.0, 1.0, 2.0, 0.0, 0.0, 3.0, 2.0, 0.0, 0.0, 1.0, 0.0, 0.0, 0.0, 1.0, 1.0, 0.0, 0.0, 2.0],